Saint Remy les Chevreuse,,Courcelle Sur Yvette
Courcelle Sur Yvette,Saint Remy les Chevreuse,Gif Sur Yvette
Gif Sur Yvette,Courcelle Sur Yvette,La Hacquiniere
La Hacquiniere,Gif Sur Yvette,Bures Sur Yvette
Bures Sur Yvette,La Hacquiniere,Orsay Ville
Orsay Ville,Bures Sur Yvette,Le Guichet
Le Guichet,Orsay Ville,Lozere
Lozere,Le Guichet,Palaiseau Villebon
Palaiseau Villebon,Lozere,Palaiseau
Palaiseau,Palaiseau Villebon,Massy Palaiseau
Massy Palaiseau,Palaiseau,Massy Verrieres
Massy Verrieres,Massy Palaiseau,Les Baconnets
Les Baconnets,Massy Verrieres,Fontaine Michalon
Fontaine Michalon,Les Baconnets,Antony
Antony,Fontaine Michalon,La Croix de Berny
La Croix de Berny,Antony,Parc de Sceaux
Parc de Sceaux,La Croix de Berny,Bourg la Reine
Bourg la Reine,Parc de Sceaux,Bagneux
Bagneux,Bourg la Reine,Arcueil Cachan
Arcueil Cachan,Bagneux,Laplace
Laplace,Arcueil Cachan,Gentilly
Gentilly,Laplace,Cite Universitaire
Cite Universitaire,Gentilly,Denfert Rochereau
Denfert Rochereau,Cite Universitaire,Port Royal
Port Royal,Denfert Rochereau,Luxembourg
Luxembourg,Port Royal,Saint Michel
Saint Michel,Luxembourg,Chatelet-Les-Halles
Chatelet-Les-Halles,Saint Michel,Gare du Nord
Gare du Nord,Chatelet-Les-Halles,La Plaine-Stade de France
La Plaine-Stade de France,Gare du Nord,Aubervilliers
Aubervilliers,La Plaine-Stade de France,Le Bourget
Le Bourget,Aubervilliers,Drancy
Drancy,Le Bourget,Blanc-Mesnil
Blanc-Mesnil,Drancy,Aulnay Sous Bois
Aulnay Sous Bois,Blanc-Mesnil,Sevran Beaudottes
Sevran Beaudottes,Aulnay Sous Bois,Villepinte
Villepinte,Sevran Beaudottes,Parc des Expositions
Parc des Expositions,Villepinte,Aeroport Ch.De Gaulle 1
Aeroport Ch.De Gaulle 1,Parc des Expositions,Aeroport Ch.De Gaulle 2
Aeroport Ch.De Gaulle 2,Aeroport Ch.De Gaulle 1,
Sevran-Livry,Aulnay Sous Bois,Vert-Galant
Vert-Galant,Sevran-Livry,Villeparisis Mitry
Villeparisis Mitry,Vert-Galant,Mitry-Claye
Mitry-Claye,Villeparisis Mitry,
Robinson,,Fontenay aux Roses
Fontenay aux Roses,Robinson,Sceaux
Sceaux,Fontenay aux Roses,Bourg la Reine